name=Addison,Ainsley,Airlie,Alby,Alex,Andy,Angel,Archer,\
Arden,Arlo,Aryn,Asher,Aspen,Aubrey,August,Austin,\
Avery,Bailey,Billy,Blaine,Blair,Blake,Bodhi,Brady,\
Brennan,Brent,Brett,Brody,Brook,Cameron,Campbell,\
Carson,Casey,Cassidy,Chandler,Channing,Charlie,Chase,\
Cody,Cohen,Corey,Dakota,Dallas,Dana,Darby,Darcy,\
Darian,Declan,Denver,Devin,Dian,Domino,Drew,Dylan,\
Easton,Elian,Ellis,Emerson,Emery,Evan,Fabian,Finley,\
Florian,Flynn,Fox,Frankie,Gray,Hadley,Harris,Harlem,\
Harlow,Harper,Haven,Hayden,Hero,Hunter,Indiana,Indigo,\
Jalen,Jaya,James,Jazz,Jersey,Jessie,Jordan,Joss,\
Jude,Jules,Kaden,Kai,Kelsey,Kendall,Kennedy,Kieran,\
Landry,Lane,Leighton,Lennon,Lincoln,Linden,Logan,\
London,Lucian,Lux,Marley,Marlow,Mason,Maxwell,Merrick,\
Merritt,Micah,Monroe,Montana,Morgan,Murphy,Neo,Nico,\
Noel,Oakley,Ocean,Orion,Owen,Parker,Paxton,Penn,\
Perry,Phoenix,Preseley,Quinn,Raine,Raleigh,Ramsey,\
Reagan,Reece,Reed,Reef,Remy,Reyes,Rhett,Riley,Rio,\
River,Robin,Rory,Roshan,Rowan,Roux,Ryan,Rylan,Sacha,\
Sage,Samar,Sawyer,Scout,Shae,Shiloh,Skye,Skylar,\
Sloane,Sparrow,Stirling,Storm,Sutton,Sydney,Tanner,\
Tatum,Taylor,True,Val,Vesper,Wesley,West,Winter,\
Wren,Wyatt,Wynn,Xen,Yael,Zane,Ziv